{
    "Bleu_1": 0.7973276713911625,
    "Bleu_2": 0.6466671670440466,
    "Bleu_3": 0.5127010398236838,
    "Bleu_4": 0.40376985698983936,
    "METEOR": 0.29972335536739103,
    "ROUGE_L": 0.5951969556244355,
    "CIDEr": 1.3139899576076226,
    "SPICE": 0.22990685330936575
}